channel,period,spend,incremental_sales,roi
facebook,March 2024,100000,5761.072590108512,0.05761072590108512
paid_search,March 2024,150000,9513.126187639573,0.06342084125093049
youtube,March 2024,80000,2880.3401515135697,0.03600425189391962
