channel,period,spend,incremental_sales,roi
facebook,March 2024,100000,4402.171495575554,0.04402171495575554
paid_search,March 2024,150000,11962.208362724186,0.07974805575149457
youtube,March 2024,80000,2180.730412595643,0.02725913015744554
